Scenario,Method,TargetIAE_m_s,ReferenceRMSE_m,FinalError_m,SettlingTime_s,Overshoot_m,MaxAbsoluteTargetError_m,MaxPitch_deg,PitchViolationDuration_s,SafetyEnvelopeViolationDuration_s,MaxElevator_deg,MaxElevatorRate_deg_s,CommandSaturationDuration_s,RateLimitDuration_s,GovernorInfeasibleUpdates,SafetyActiveDuration_s,SafetyInfeasibleDuration_s,ElevatorTotalVariation_deg,PostGustTargetRMSE_m,GustWindowTargetRMSE_m,DOB_RMSE_m_s2
nominal_gust,LQI,1103.98182665724,8.4886580611195,6.87082076922252e-06,31.9,0,100,29.1150799442279,11.56,19.5,24.2027265954638,37.1790256002356,0,0,0,0,0,88.3818862291304,0.00448452195957286,0.129288641695468,0.178870532943264
nominal_gust,LQI_AW,1103.98182665724,8.4886580611195,6.87082076922252e-06,31.9,0,100,29.1150799442279,11.56,19.5,24.2027265954638,37.1790256002356,0,0,0,0,0,88.3818862291304,0.00448452195957286,0.129288641695468,0.178870532943264
nominal_gust,RG_AW,2053.00164716709,6.05515125949506,4.9737991503207e-13,38.66,0,100,12.7179505371394,3.38,34.24,22.4145457674773,60,0.36,0.64,83,0,0,601.823220167518,3.02221300825303e-06,0.0300062469479621,0.178870532943264
nominal_gust,RG_DOB,2131.28887478117,5.99051993127464,4.9737991503207e-13,40.12,0,100,13.2754556830121,1.48,34.3,22.4910031185308,60,0.14,0.08,34,0,0,520.163754462895,5.69470608891627e-06,0.056546135869722,0.0605163316191749
nominal_gust,RG_DOB_AW,2131.4190503342,5.99066987252162,4.9737991503207e-13,40.12,0,100,13.2525828455388,1.48,34.3,22.4169470470747,60,0.14,0.08,34,0,0,519.604928130988,5.69831767302553e-06,0.056581967699458,0.0605163316191748
nominal_gust,DOB_AW_SAFE,2879.14995106703,30.6173796579026,6.87082089712021e-06,51.72,0,100,6.04733053175458,0,6.14,6.30227671864318,15.6632574888713,46.8,47.38,0,47.92,0,19.1458302029845,0.00521344291945254,5.29014922064458,0.0605163316191749
nominal_gust,SAFE_RG_DOB_AW,2902.78063293195,6.29679943836566,4.9737991503207e-13,52.12,0,100,6.04733053177207,0,6.14,6.30227152005484,27.877328232606,7.46,47.22,39,48.18,0,29.4094163192742,0.00104170506910696,5.81515394132857,0.060516331619175
nominal_gust,RG_AW_SAFE,2855.54212236074,6.34449761807417,4.9737991503207e-13,51.42,0,100,6.17179878198157,0,33.82,6.30227642906596,17.7706639481547,8.2,47.28,43,47.78,0,18.1348271257474,0.000762710987292435,4.9783004709326,0.178870532943264
nominal_gust,RG_DOB_SAFE,5005.00228637061,35.5129028503835,21.2037178425433,NaN,65.1438238261302,100,6.04733053177207,0,6.14,6.30229007625404,35.1558370651238,119.74,119.9,600,119.98,0,22.2022489416681,40.5716871045574,15.7072916031538,0.060516331619175
strong_persistent_gust,LQI,1106.52388621886,8.49526999537909,6.87077407235392e-06,31.88,0.31019263577042,100,29.1150799442279,14.78,19.68,24.2027265954638,55.5602687504402,0,0,0,0,0,133.6256207978,0.0698863493489603,0.240152527140947,0.325165154862893
strong_persistent_gust,LQI_AW,1106.52388621886,8.49526999537909,6.87077407235392e-06,31.88,0.31019263577042,100,29.1150799442279,14.78,19.68,24.2027265954638,55.5602687504402,0,0,0,0,0,133.6256207978,0.0698863493489603,0.240152527140947,0.325165154862893
strong_persistent_gust,RG_AW,2064.16720899601,6.08903544122883,-4.67537120130146e-11,38.56,0.322553392608071,100,17.7697544653817,4.68,33.46,23.409700959268,60,0.28,0.24,38,0,0,554.253462573965,0.0735384169540091,0.142084670253996,0.325165154862893
strong_persistent_gust,RG_DOB,2130.55713300262,6.04130346909813,2.70432565230294e-11,40.48,0.14366952549139,100,24.6997617214308,2.78,34.1,24.9862163337565,60,1.6,1.62,39,0,0,626.978076263031,0.0274793244838123,0.0974715115577554,0.0969479433609775
strong_persistent_gust,RG_DOB_AW,2179.59232378457,6.00790965435677,2.70290456683142e-11,41.16,0.143661416843784,100,19.8108847718778,2.58,34.82,24.84806126952,60,0.86,1.12,38,0,0,593.299285527427,0.0274781345921276,0.118975748317356,0.0969479433609776
strong_persistent_gust,DOB_AW_SAFE,3121.95773489049,32.6259451060826,6.87083600325877e-06,58.74,0.16155212546434,100,6.07099579768388,0,17.7,6.302219394181,23.9230326549033,54.54,55.7,0,57.24,0,30.2885584286363,0.0301500533394989,10.0115657851519,0.0969479433609775
strong_persistent_gust,SAFE_RG_DOB_AW,3109.10154459524,6.45081815720373,1.50208734339685e-11,58.56,0.177929187010221,100,6.07099579770137,0,17.52,6.30221939550198,23.9114130853501,10.72,55.72,56,57.22,0,30.1769650157909,0.0318981524669236,9.84298882495531,0.0969479433609776
strong_persistent_gust,RG_AW_SAFE,3085.04115651595,6.47400537137258,-4.45368186774431e-11,57.84,0.304400976167273,100,6.25769817297236,0,41.98,6.30222568352128,19.7162322836334,16.16,54.84,89,55.96,0,26.7129911462099,0.0684901815153737,9.3535043668417,0.325165154862893
strong_persistent_gust,RG_DOB_SAFE,5477.38218911895,39.6311623905687,-18.9274052106344,NaN,71.2858620963147,100,6.07099579770137,0,26.14,6.30227676718345,37.5187147996667,119.74,119.92,600,119.98,0,25.0531602431325,46.7487522173336,10.0016304932262,0.0969479433609776
uncertainty_noise,LQI,1451.89945481082,13.4002546351228,0.00062781837500836,41.4,26.5412149659842,100.000003004006,37.2263141643708,36.8,38.24,25,60,37.38,4.08,0,0,0,1724.51246372144,0.00623137732300163,0.14541085897122,0.178870532943264
uncertainty_noise,LQI_AW,1285.45052356939,12.0003642205463,0.000134523573834144,31.84,0.00848915794539096,100.000003004006,26.8477038197249,19.18,19.9,25,60,16.52,1.52,0,0,0,1930.08385038621,0.00644953850436264,0.127987271166429,0.178870532943264
uncertainty_noise,RG_AW,2205.43949114019,5.91314445446394,0.000127771523281694,41.24,0.00925183060732593,100,18.2523153025764,16.86,37.88,24.5172774734392,60,3.68,3.56,176,0,0,2396.86900684896,0.00464837931394906,0.0585087799872045,0.178870532943264
uncertainty_noise,RG_DOB,2477.16821791127,5.44434596417195,0.00245245537944072,48.18,0.0123815147416479,100.000000080776,25.1383379518353,5.62,40.96,24.9999688763689,60,3.74,16.48,163,0,0,3391.15580105784,0.00547429205570887,1.90753917957014,0.2591404532
uncertainty_noise,RG_DOB_AW,2762.72467625833,5.24594774517487,-0.00101881389143443,51.7,0.0219694506619561,100.000000080776,16.8564259386189,2.74,46.52,24.7608681650544,60,2.02,16.82,162,0,0,3416.39366026081,0.00945880105149667,5.10661258315248,0.245991533084128
uncertainty_noise,DOB_AW_SAFE,5511.47552287671,49.4796869388113,-0.0345065474240442,99.2,0.0551081628496064,100.000008407285,4.27103395868929,0,0,5.30809218004964,32.944380980159,95.14,98.84,0,110.84,0,372.987941852911,18.681865567397,51.7746623545531,0.183143452236606
uncertainty_noise,SAFE_RG_DOB_AW,5498.82096949732,6.39791797044142,-0.0345330936202544,99.08,0.0551779431270347,100.000000080776,4.27331965229805,0,0,5.3080921833152,31.6535824672424,81.92,98.54,426,110.86,0,373.017062574861,18.5913396091179,51.645897570212,0.183140399575778
uncertainty_noise,RG_AW_SAFE,5445.15881366221,6.42342020379613,-0.0113109322314955,98.18,0.0155232315124607,100,4.28317529572845,0,0,5.34307711556265,32.8125865551005,85.06,95.72,433,105.46,0,329.01961502795,18.0572677689227,51.0609657204924,0.178870532943264
uncertainty_noise,RG_DOB_SAFE,5705.43066003808,42.5633898199288,-21.7346880458249,NaN,21.7346880458249,100.000000080776,4.27331964828032,0,0,5.30809218331719,20.2615355801743,119.76,119.92,600,120,0,23.7851857401631,20.0262008652648,51.645815435681,0.201061491001852
actuator_stress,LQI,2443.30897110221,18.3271562733506,-4.02019931056954,NaN,32.8711255986915,100,24.4226533340784,103.46,110.26,15,12,118.94,25.08,0,0,0,345.314214899308,11.0539919743146,16.3096967012773,0.268305799414896
actuator_stress,LQI_AW,1290.24022435141,12.1256516941496,6.87133429266851e-06,31.8,0,100,20.8561574560655,18.96,19.76,15,12,24.5,16.48,0,0,0,243.202084683607,0.00448485455693413,0.12927216364316,0.268305799414896
actuator_stress,RG_AW,2032.73935742945,7.33411254404306,4.9737991503207e-13,36.7,0,100,19.2961458853704,8.32,28.56,14.9999999999623,12,7.76,0.98,60,0,0,128.51442430129,1.29442531402205e-06,0.0127507455261673,0.268305799414896
actuator_stress,RG_DOB,3656.39482194963,23.8324167699126,-16.263144759244,NaN,44.5212419284091,100,24.3380417989416,96.74,112.18,15,12,105.74,15.2,540,0,0,268.592998017776,19.2206324274505,23.7926748335757,0.0907744974287625
actuator_stress,RG_DOB_AW,2413.48883457435,5.89137793362033,4.9737991503207e-13,44.74,0,100,19.2978610445475,5.66,33.36,14.9986951409574,12,5.38,4.6,70,0,0,214.704043081933,4.25926661266307e-05,0.419115853829741,0.0907744974287624
actuator_stress,DOB_AW_SAFE,3079.41504200787,32.6033167807048,6.87133507426552e-06,54.24,0,100,6.0709957976761,0,6.14,6.30228305238747,12,49.92,50.54,0,50.4,0,32.5518469365072,0.0067858110975193,8.5094121251706,0.0907744974287623
actuator_stress,SAFE_RG_DOB_AW,3074.67947455633,5.7466261492139,4.9737991503207e-13,54.22,0,100,6.07099579768355,0,6.14,6.30228219363889,11.1154338037601,6.98,7.4,72,50.08,0,22.9802218539631,0.00259967605806733,8.45933433087723,0.0907744974287624
actuator_stress,RG_AW_SAFE,3055.01062848202,5.72615607714845,4.9737991503207e-13,53.96,0,100,6.25769817297236,0,36.1,6.3022820941685,11.1154338037601,7.42,7.7,78,49.88,0,22.2905374870502,0.00232447770440238,8.10856868039611,0.268305799414896
actuator_stress,RG_DOB_SAFE,5522.53474217977,41.1134917551848,2.05994530261967,NaN,71.6623318326487,100,6.07099579476404,0,6.14,6.30229007632139,12,105.96,109.66,572,119.34,0,23.1583868307662,46.8262743775467,13.6546566846636,0.0907744974287624
command_reversal,LQI,3624.8076755254,25.0375687243087,-3.96271798146578,NaN,32.8711255986915,100,24.3362836583516,110.34,114.1,15,12,119.44,14.08,0,0,0,194.999999999999,23.8213921680975,52.0919950750681,0.268305799414896
command_reversal,LQI_AW,1953.20058641328,13.1592552804714,-0.010646967282355,28.36,0,100,20.8561574560655,24.5,29.06,15,12,27.1,17.6,0,0,0,283.167944881792,6.85050589245991,34.3257819170009,0.268305799414896
command_reversal,RG_AW,2911.42481387088,8.57668179543397,-8.76933157201165e-08,26.06,0,100,19.2961458853704,8.32,47.34,14.9999999999623,12,7.76,1.14,73,0,0,238.183051223191,13.1601417339074,38.1257155281968,0.268305799414896
command_reversal,RG_DOB,5762.79032434386,41.4352527073889,18.0704920660946,NaN,44.5212419284091,100,24.3315398202841,99.94,113.88,15,12,105.86,9.16,540,0,0,188.952998017784,59.522910808592,28.3340165475131,0.0907744974287625
command_reversal,RG_DOB_AW,3292.08690290368,7.3806034982003,-8.77070007732073e-08,26.06,0,100,19.2978610445475,5.66,52.12,14.9986951409574,12,5.38,4.76,83,0,0,324.356034197,13.1604941617801,38.1242281379475,0.0907744974287624
command_reversal,DOB_AW_SAFE,4091.84631246528,34.4013305556397,-0.0106472171799794,31.04,0,100,6.0709957976761,0,6.14,6.30228305238747,12,74.3,75.58,0,75.5,0,55.9195349882259,15.8608925714088,39.7354928089078,0.0907744974287623
command_reversal,SAFE_RG_DOB_AW,4073.7041758201,7.12406333470967,-4.09342035823101e-07,29.62,0,100,6.07099579768355,0,6.14,6.30228219363889,11.1154338037601,6.98,7.4,102,75.62,0,40.6967049257757,15.7904582140894,39.6902320791633,0.0907744974287624
command_reversal,RG_AW_SAFE,4055.61475809196,7.10969651912476,-4.11814546907863e-07,29.64,0,100,6.25769817297236,0,36.1,6.3022820941685,11.5069177465468,7.42,7.72,112,75.44,0,40.7103532784759,15.8087997624858,39.6561762570698,0.268305799414896
command_reversal,RG_DOB_SAFE,9421.32281471812,64.0605187300091,-57.9400546973803,NaN,71.6623318326487,131.662331832649,6.07099579476404,0,6.14,6.30229007632139,12,105.96,109.66,572,119.34,0,23.1583868307662,104.130161161134,52.9463717711682,0.0907744974287624
altitude_hold_gust,LQI,7.10457246863398,0.137907850415008,-4.67392946620919e-11,0,0.526539968546358,0.573553044043347,6.64088634384879,0,1.72,9.50719188824811,36.7624863004626,0,0,0,0,0,67.160391454024,0.0735402665894676,0.121998656063872,0.256396262634133
altitude_hold_gust,LQI_AW,7.10457246863398,0.137907850415008,-4.67392946620919e-11,0,0.526539968546358,0.573553044043347,6.64088634384879,0,1.72,9.50719188824811,36.7624863004626,0,0,0,0,0,67.160391454024,0.0735402665894676,0.121998656063872,0.256396262634133
altitude_hold_gust,RG_AW,7.10457246863398,0.137907850415008,-4.67392946620919e-11,0,0.526539968546358,0.573553044043347,6.64088634384879,0,1.72,9.50719188824811,36.7624863004626,0,0,0,0,0,67.160391454024,0.0735402665894676,0.121998656063872,0.256396262634133
altitude_hold_gust,RG_DOB,2.89446746047804,0.0569562923527617,2.70154194528006e-11,0,0.307557347831644,0.307557347831644,7.32502912968747,0,1.56,17.0426864847354,60,0,0.32,6,0,0,141.515810950756,0.0274827082305989,0.045572273623785,0.0694342907439896
altitude_hold_gust,RG_DOB_AW,2.88909601541375,0.0570513015353142,2.70154194503005e-11,0,0.308946414333391,0.308946414333391,7.32047438163826,0,1.58,16.8313664574283,60,0,0.32,6,0,0,139.814481288292,0.0274827082350847,0.045572229174058,0.0694342907439896
altitude_hold_gust,DOB_AW_SAFE,10.6361944663712,0.292305137398916,1.0396205610516e-11,0,0.227026124478579,1.51564424173763,5.99777941551462,0,0,4.74598815330387,33.8859809855758,2.16,6.94,0,9.64,0,43.9002722435031,0.0409653868365512,0.11443049190868,0.0694342907439896
altitude_hold_gust,SAFE_RG_DOB_AW,10.6361944663712,0.292305137398916,1.0396205610516e-11,0,0.227026124478579,1.51564424173763,5.99777941551462,0,0,4.74598815330387,33.8859809855758,2.16,6.94,18,9.64,0,43.9002722435031,0.0409653868365512,0.11443049190868,0.0694342907439896
altitude_hold_gust,RG_AW_SAFE,11.1992985088452,0.283599342887004,-4.80173002962367e-11,0,0.331638363623178,1.46991222047481,6.16879566901057,0,2.76,4.91344861760267,30.386469602298,0,4.36,12,8.26,0,36.3438061199371,0.0755647741216961,0.144038527326687,0.256396262634133
altitude_hold_gust,RG_DOB_SAFE,23.3083853188451,0.535716867033076,3.80188056524402e-11,26.04,2.75584225978005,2.75584225978005,5.99781918682084,0,0,5.50802004736921,33.6374845036581,15.38,18.42,85,20.56,0,78.6842027337695,0.0396980811189778,0.116639129403486,0.0694342907439896
