Scenario,Method,TargetIAE_m_s,ReferenceRMSE_m,FinalError_m,SettlingTime_s,Overshoot_m,MaxAbsoluteTargetError_m,MaxPitch_deg,PitchViolationDuration_s,SafetyEnvelopeViolationDuration_s,MaxElevator_deg,MaxElevatorRate_deg_s,CommandSaturationDuration_s,RateLimitDuration_s,GovernorInfeasibleUpdates,SafetyActiveDuration_s,SafetyInfeasibleDuration_s,ElevatorTotalVariation_deg,PostGustTargetRMSE_m,GustWindowTargetRMSE_m,DOB_RMSE_m_s2,Seed
monte_carlo,LQI,1105.6156802263,8.44724093826148,0.00613933217009333,31.96,0.183577824154114,100.000004698022,24.7769974501514,9,17.16,17.5053799708834,60,0,2.04,0,0,0,2240.40421352924,0.0403776966346533,0.195768268726827,0.248633839179648,1
monte_carlo,RG_AW,1812.41487608858,6.47604854407531,0.00585416335610489,34.34,0.195913128395404,100,11.8236506614414,3.42,28.8,19.6383403689311,60,0.14,2.92,39,0,0,2306.61025117614,0.0439476144577476,0.076967963607277,0.248633839179648,1
monte_carlo,DOB_AW_SAFE,1901.50078060398,20.4731268729134,0.0162011479335433,35.9,0.074689482586507,100.000057020961,8.2522208579881,0,28.14,7.62941736446807,35.784624954826,28.7,39,0,82.68,0,1353.06327695215,0.0237809359191882,0.204000965058141,0.180094954120175,1
monte_carlo,SAFE_RG_DOB_AW,2122.06719363471,6.73979900635468,0.0161942073107468,39.24,0.0885534447158278,100.00000003973,8.19643258444207,0,29.76,7.43967938453444,38.1437887510021,6.7,28.5,85,82.2,0,1375.78737900801,0.0236024455414868,0.101970572949277,0.173995134633345,1
monte_carlo,LQI,1105.56432183385,8.45020076071041,0.00157286114445299,31.94,0.168793229379816,100.000004892801,23.9071624018236,9.52,17.58,20.61729666693,60,0.18,1.92,0,0,0,2245.62970490051,0.0376310484017223,0.194215470630979,0.262255167953753,2
monte_carlo,RG_AW,1786.2361464334,6.50830962445305,0.00116238264349988,33.9,0.180009014619216,100.000002343772,13.8114767760061,3.74,28.8,22.6747733727804,60,0.38,2.88,47,0,0,2314.95658193329,0.0406330234700317,0.0744219162211851,0.262255167953753,2
monte_carlo,DOB_AW_SAFE,2303.1429505099,25.0383685249856,-0.00621768771704012,41.54,0.0363998187505672,100.000015780806,6.73456702609269,0,33.68,7.03315122503539,36.4713738173448,35.7,45.56,0,87.04,0,1249.9650373188,0.0246343293628283,0.273312099338776,0.168032954274933,2
monte_carlo,SAFE_RG_DOB_AW,2350.63208841527,6.89414607783148,-0.00622464547434731,42.32,0.0502798068077084,100.000003743762,6.71176063784089,0,31.4,7.02057212881494,37.7027077238418,14.12,40.16,105,86.9,0,1250.92318926492,0.0224768232060671,0.198765483548173,0.167083816900005,2
monte_carlo,LQI,1105.92085995487,8.54190509740843,0.00491183479051926,31.84,0.226016648004446,100,35.1515001659817,17.18,19.86,23.8707661023729,60,0.64,2.06,0,0,0,2271.49221852917,0.0520161965847776,0.210475667389507,0.294324866294363,3
monte_carlo,RG_AW,2397.38585532885,5.70942583948833,0.0046528661226688,44.7,0.237708572205634,100,17.204124719451,3.76,40.76,17.0299766349431,60,0.12,4.56,178,0,0,2507.50192028337,0.0555073524352491,0.449444205301494,0.294324866294363,3
monte_carlo,DOB_AW_SAFE,2641.66152042731,28.5205372656391,-0.0126341803742349,46.98,0.0413882825447729,100,9.00270562922615,0,41.38,6.88968392374695,37.1059226469922,41.54,50.94,0,89.4,0,1175.45867538609,0.0269016220001575,1.11393355841262,0.165421173110884,3
monte_carlo,SAFE_RG_DOB_AW,2934.23717139207,5.92521109848157,-0.0126411872336405,53.64,0.0495574067232951,100,8.52871827440704,0,47.5,6.49076514119287,38.1122030852597,8.26,33.22,161,87.76,0,1236.86440966322,0.0256967159869563,6.53225191861407,0.158985757801225,3
monte_carlo,LQI,1105.93903742428,8.50362191532327,0.00898981586279035,31.9,0.230741184805709,100,32.4005680536016,13.58,19.66,23.8947280383881,60,1.08,2.28,0,0,0,2244.73195358185,0.0520155593884364,0.210535678481809,0.241698362037385,4
monte_carlo,RG_AW,2164.30167924484,5.9549387823747,0.00912333784825137,40.36,0.244342640377027,100,15.0764186090972,4.2,35.42,22.381015932268,60,0.36,4.28,135,0,0,2439.40332828505,0.0558125868269785,0.144741532646355,0.241698362037385,4
monte_carlo,DOB_AW_SAFE,2669.12341163618,28.7869154019261,0.041412144681388,47.5,0.029190100030803,100,7.49933748549468,0,41.32,6.72493974117474,34.615319325299,42.08,51.42,0,88.74,0,1155.51856320882,0.0267881223845474,1.38052426363722,0.0962729245735909,4
monte_carlo,SAFE_RG_DOB_AW,2738.1011642957,6.32373442278007,0.0414051752962763,48.8,0.0423089699885821,100,7.37188501388045,0,41.9,6.6789051556395,37.9625831487384,10.5,38.1,124,87.42,0,1182.03077283976,0.0243162118430576,2.44008550540766,0.0952087495509305,4
monte_carlo,LQI,1105.79423848839,8.51532884810941,-0.00834852168408418,31.88,0.201681793610433,100.000075567126,30.7256353118671,12.78,19.52,24.999999919467,60,3.32,1.68,0,0,0,2207.31731217991,0.0461606118318535,0.202284215332849,0.200273618913824,5
monte_carlo,RG_AW,2144.9748780651,5.93087392272099,-0.00741717281252363,40.22,0.214149432501145,100,12.8601796439592,3.4,36.14,22.002768704227,60,0.34,3.5,144,0,0,2429.48300109607,0.0496653945435143,0.12187593669969,0.200273618913824,5
monte_carlo,DOB_AW_SAFE,3005.02826850505,31.4924614185871,-0.0298085042562946,56.14,0.0352579957493333,100,6.26518957179587,0,50.3,6.2286774668268,32.9911323967348,51.72,59.74,0,92.34,0,1006.550495517,0.0273369318436046,8.43868067405162,0.0869732238472967,5
monte_carlo,SAFE_RG_DOB_AW,3024.9871096387,6.08656399991298,-0.0298155393853676,56.72,0.0377009168315112,100,6.26518878100567,0,48.28,6.2210867440386,37.399022841176,20.16,53.6,161,92.46,0,1008.01434448529,0.0258302907429208,9.04757087848278,0.086689846088888,5
monte_carlo,LQI,1105.81331402847,8.55544326352335,-0.00322618488962689,31.86,0.212622909210339,100.000050281344,29.1000119548277,11.42,19.62,25,60,6.28,1.94,0,0,0,2143.08411115989,0.0476972656149975,0.202461138957297,0.242915818785363,6
monte_carlo,RG_AW,2123.14696756199,6.02402932571961,-0.00225393633212434,39.54,0.224971029287914,100,14.7603710016093,3.16,35.08,22.790843523567,60,0.5,3.58,145,0,0,2428.30160616582,0.0511846202528431,0.114960130442509,0.242915818785363,6
monte_carlo,DOB_AW_SAFE,3498.6739219054,35.4304388750902,0.00971326231022829,66.7,0.0250886766032181,100.000186110658,5.34392881952218,0,0,6.04438207451707,34.3580157705862,62.62,69.72,0,97.06,0,867.0763213834,0.602288015671538,18.5454964943523,0.0855501938721861,6
monte_carlo,SAFE_RG_DOB_AW,3476.57214962451,6.43260112167061,0.00970620690362978,66.46,0.0251251540921942,100,5.34406660029631,0,0,6.04427264923513,32.2135167970155,44.54,68.5,232,96.98,0,868.3344924132,0.545270508816151,18.2406078917233,0.0855231266466116,6
monte_carlo,LQI,1105.85998786026,8.51276817359557,0.00884554118398739,31.88,0.215342156566081,100,32.9306304420537,12.54,19.5,24.9972116144689,60,2.46,1.68,0,0,0,2211.12337987108,0.0490776867327699,0.209543989263916,0.188655374981438,7
monte_carlo,RG_AW,2202.05989062579,5.86416337199415,0.0074333498881316,41.12,0.228672156555945,100,12.5445360707812,2.74,37.2,20.8399948638304,60,0.2,3.54,153,0,0,2451.95347141462,0.0528799736764501,0.160402554863628,0.188655374981438,7
monte_carlo,DOB_AW_SAFE,2852.76569002747,30.3327069357355,0.00710746020030228,52.1,0.0310425426943794,100,6.79094959806324,0,46.38,6.37744545824483,35.814256428558,47.56,56.44,0,92,0,1073.57667445975,0.02902099923758,4.94584723704942,0.0958066624197937,7
monte_carlo,SAFE_RG_DOB_AW,2926.47022688447,6.026940438785,0.00710041902556213,53.8,0.0383172743999154,100,6.75716658810126,0,45.32,6.36745631478738,37.7159737190966,12.8,46.74,133,91.56,0,1081.88255053317,0.026819827422028,6.46276417437454,0.0952614948284951,7
monte_carlo,LQI,1122.11592314776,8.90267006971432,0.343286024562175,32.54,0.804038529324956,100,27.0610685771734,67.32,89.6,25,60,106.48,51.54,0,0,0,3847.21516362752,0.285818010496834,0.391733794799279,0.212591024906372,8
monte_carlo,RG_AW,2039.04732959999,6.09993486744417,0.00223307394944072,38.22,0.213566505879314,100,16.1214454336385,4.36,33.2,24.8111640912811,60,1.8,3.76,134,0,0,2393.12015259541,0.0496455710935931,0.1003416140052,0.212591024906372,8
monte_carlo,DOB_AW_SAFE,4069.36848340816,39.2245465381324,0.0209118619565913,77.04,0.0220269862070239,100,4.58095456335095,0,0,5.74462738033913,32.6934119762219,72.6,77.98,0,100.86,0,711.04694071803,5.77749150299516,30.4152831352962,0.0774619524634111,8
monte_carlo,SAFE_RG_DOB_AW,4045.15873597184,6.34344837731379,0.020904792792777,76.84,0.0227930598616553,100,4.5828900555669,0,0,5.74514370888879,33.1728948185322,57.6,77.1,304,100.78,0,711.152103964977,5.64106167828032,30.0939546077909,0.0774625461649077,8
monte_carlo,LQI,1135.35401091516,10.2813199094355,-0.174115734099402,30.98,4.6688317561882,100.000029592007,37.2580467948125,53.26,84.4,25,60,105.78,51.38,0,0,0,3872.77107046663,0.180432754218732,0.310185513207637,0.187764476686783,9
monte_carlo,RG_AW,2272.17244537711,5.7913442578483,-0.00228645422883744,42.44,0.260217291763212,100,17.1302764152663,6,38.08,24.6349963069347,60,2.1,4.58,171,0,0,2489.4452731141,0.0597265411491053,0.209287370804852,0.187764476686783,9
monte_carlo,DOB_AW_SAFE,4837.29821619576,44.1795150609256,0.00668718354395992,90,0.022039243039174,100.000035990523,4.73209494743966,0,0,5.53074233861222,32.3453108094437,85.76,89.9,0,106.22,0,508.482715548714,14.3050360653873,42.4720725266105,0.150276955425491,9
monte_carlo,SAFE_RG_DOB_AW,4820.07388275894,6.11686626292865,0.00667967641724942,89.86,0.0221424665899406,100,4.73223205638525,0,0,5.53074233861222,33.4147041545233,70.32,89.26,361,106.2,0,508.546838044201,14.1874362790287,42.2761688848998,0.150266554836676,9
monte_carlo,LQI,1106.11984099326,8.54969578979106,0.00108472410389027,31.82,0.240795422275269,100,37.0752369535129,17.06,19.84,24.6391202818439,60,1.28,2.52,0,0,0,2241.7026953386,0.056159317630702,0.21634507634086,0.244903823068301,10
monte_carlo,RG_AW,2352.10031227817,5.72070969068372,0.00194840864929802,43.68,0.253334305832013,100,17.0457583178867,5,39.9,23.3823357560523,60,0.68,4.76,177,0,0,2507.74128447459,0.0597623577022788,0.301559421530361,0.244903823068301,10
monte_carlo,DOB_AW_SAFE,2786.05480210192,29.8671620177468,0.00843509681716625,49.76,0.0533972570579948,100,8.38189798490246,0,45.12,6.63265177424858,36.5110566779798,44.98,54.3,0,90.58,0,1110.77316500126,0.0301125525800136,3.16243375177014,0.181459109902154,10
monte_carlo,SAFE_RG_DOB_AW,3023.47660274666,5.81906304351531,0.00842807143023094,55.58,0.0553001670328541,100,8.25230682037344,0,49.52,6.3713690782122,37.8446875250613,8.86,35.16,158,88.44,0,1151.13923888247,0.0294035028585919,8.37695213599197,0.177163907676295,10
monte_carlo,LQI,1106.10703770174,8.4872000600851,0.00416008679616198,31.9,0.252908443798532,100,33.2873286722257,10.48,18.48,24.999100205356,60,2.06,1.7,0,0,0,2187.09584845743,0.0565000983318371,0.220829418281865,0.197122559234355,11
monte_carlo,RG_AW,2066.1780189934,6.09021424394295,0.00466358661718402,38.34,0.263859043839645,100,13.2191760416433,3.48,33.98,22.7841450519576,60,0.28,3.12,127,0,0,2419.34745668333,0.0598089060572879,0.128039204112682,0.197122559234355,11
monte_carlo,DOB_AW_SAFE,2738.1323433175,29.475594012155,0.0154945383496141,48.64,0.0546648039340454,100,6.60663821798178,0,41.62,6.55331791762985,36.8734518118663,43.4,51.96,0,90.82,0,1129.40822648323,0.0258482090822533,2.25032073275035,0.0826034109381613,11
monte_carlo,SAFE_RG_DOB_AW,2778.58343896967,6.34404212815368,0.0154875378014765,49.58,0.0676261937556575,100,6.6013523199497,0,40.56,6.54902936603204,37.1853070291664,14.58,44.68,120,90.72,0,1130.40048663698,0.0239988340010455,3.06793444066568,0.0813353558180935,11
monte_carlo,LQI,1168.28782069758,10.7344605124469,-0.0025087853097574,31.44,9.8522887255827,100,36.9892832401621,24.64,26.42,25,60,24.54,4.56,0,0,0,1973.23548984604,0.058772954238959,0.219129261188007,0.199601907249469,12
monte_carlo,RG_AW,2229.12628682212,5.88283941501543,-0.00312443500234849,41.26,0.272802625833279,100,16.8717639753484,6,36.66,24.4341450808213,60,1.88,3.56,164,0,0,2441.2120820435,0.0623217129907622,0.173756599544125,0.199601907249469,12
monte_carlo,DOB_AW_SAFE,5151.4634584652,46.3084541286058,-0.0108246792837861,94.5,0.0118788649452313,100,4.44063962655383,0,0,5.46233141123381,31.6171356730516,90.2,94.36,0,108.56,0,449.897490053736,17.6183004403032,46.4459462317398,0.129377708853539,12
monte_carlo,SAFE_RG_DOB_AW,5138.27130873844,6.37918544718222,-0.0108331282534095,94.38,0.0119267452474077,100,4.44063425010917,0,0,5.46233141123381,30.5444971342825,76.92,94.04,396,108.56,0,449.001015151771,17.5254373740103,46.3030649704331,0.129376080896497,12
monte_carlo,LQI,1105.7299987434,8.51481950394412,-0.000162316731163514,31.86,0.196955514099344,100.000166121938,30.1187015020295,16.04,19.72,24.7458908743307,60,1.8,2.34,0,0,0,2242.20336878812,0.0445447947819634,0.199045894244727,0.29218582544539,13
monte_carlo,RG_AW,2157.81197987611,5.9507682418451,-0.000273065110945936,40.46,0.209112930024801,100.000000279637,18.2335205640366,4.7,36,23.3663980338171,60,0.68,4,144,0,0,2461.33803392992,0.0480703761204057,0.12068721046899,0.29218582544539,13
monte_carlo,DOB_AW_SAFE,3043.70039581696,32.0361568327218,0.000498645674554155,55.6,0.0408694369675544,100.000383838326,6.65808063561359,0,50.38,6.34705247015323,37.9146354294611,51.2,59.1,0,91.52,0,1016.14873473687,0.0278380735131104,8.44226047009712,0.10606126225815,13
monte_carlo,SAFE_RG_DOB_AW,3049.2542775764,6.29745981929316,0.000491593235310006,56,0.0408803549326962,100.000000803122,6.65807835642565,0,49.18,6.33787974980823,36.5815852275612,17.62,50.58,153,91.1,0,1022.62079982383,0.0253550564376182,8.78853838301906,0.105928041986179,13
monte_carlo,LQI,1105.63874839207,8.44639092925821,-0.00611975223071681,31.96,0.189488596913918,100,25.1172499350794,8.84,16.98,17.4600539476275,60,0,2.08,0,0,0,2284.92127772953,0.0414103067764077,0.195155505395653,0.24562448430887,14
monte_carlo,RG_AW,1821.50337611599,6.44915313262396,-0.0063001331295709,34.56,0.201938044866907,100,11.9101705302656,3.46,28.78,20.5660594685626,60,0.18,2.92,41,0,0,2373.59517314181,0.0450813603225502,0.0790917504439168,0.24562448430887,14
monte_carlo,DOB_AW_SAFE,1850.89769037703,19.9577325842655,-0.0184767260188181,35.04,0.0716399034981805,100,8.90858549368106,0,26.72,7.88241733360422,38.3898384289592,27.38,38.56,0,83.22,0,1380.87918015893,0.0243784007810793,0.224793508133476,0.184899918210519,14
monte_carlo,SAFE_RG_DOB_AW,2086.51005016276,6.74106627718187,-0.0184836558544674,38.26,0.0851583415876433,100,8.40247919743309,0,29.46,7.28637892185942,39.5410930899552,5.42,27.46,88,82.28,0,1421.32587742617,0.0240669888899583,0.113952671443298,0.17624656093269,14
monte_carlo,LQI,1105.71986526189,8.45359172969987,0.000411736207965419,31.96,0.19524648032511,100.000102381971,26.455429290512,7.9,17.1,18.2536055104423,60,0.08,2.5,0,0,0,2268.32058661824,0.0426757497501258,0.19820142279936,0.197487800184443,15
monte_carlo,RG_AW,1837.45912136793,6.42305145218897,-0.00168816470063859,34.72,0.210540721413054,100.000000063987,10.9453495808099,2.74,29.02,19.6833476547311,60,0.14,3.84,55,0,0,2380.71101721726,0.0470701568458012,0.0804258813964021,0.197487800184443,15
monte_carlo,DOB_AW_SAFE,1853.57341724507,20.1104589965971,0.00226964827737675,34.96,0.0870619819810372,100.000006174238,8.96921712219887,0,26.84,7.73997301472596,37.6931014238328,27.42,37.9,0,83.1,0,1382.26941388999,0.0250980967398351,0.20759616593218,0.140966204258145,15
monte_carlo,SAFE_RG_DOB_AW,2061.62913695763,6.68400720175272,0.00226271004864032,37.92,0.100525515408052,100.000000003685,8.60743129822858,0,29.26,7.27681303510852,37.792670260486,4.46,26.24,98,81.4,0,1426.27055113238,0.0248697484378824,0.0974744146539236,0.135246286130587,15
monte_carlo,LQI,1105.51356103334,8.76343227481092,0.000281354285689872,31.88,0.172414276461197,100.000427299115,25.3201594228718,12.34,18.54,25,60,12.62,4.24,0,0,0,2141.2338507001,0.0390034113449529,0.194899214428827,0.229458465232552,16
monte_carlo,RG_AW,2068.48334678094,6.06092799631841,-0.000502096957390563,38.74,0.186203141955772,100.000043801279,13.9948670740539,3.02,34.34,24.6315264270077,60,0.9,4.58,125,0,0,2484.18681493964,0.0429288941291164,0.0907760695639798,0.229458465232552,16
monte_carlo,DOB_AW_SAFE,4066.93766938376,39.2493051185905,0.00516986810929154,76.7,0.0192223948688621,100.000212989457,4.65989627785417,0,0,5.68930355008902,35.1054168366651,72.28,77.94,0,101.4,0,715.2986532187,5.51039456179721,30.7225285105833,0.0767847819241505,16
monte_carlo,SAFE_RG_DOB_AW,4060.53724838657,6.3577927621508,0.00516273735554762,76.68,0.0192345877801046,100.000072067758,4.65989545633623,0,0,5.68933673851372,33.3315924159453,58.28,77.14,302,101.34,0,716.714411169611,5.47590068153525,30.6354194023322,0.076777165202384,16
monte_carlo,LQI,1149.03587462823,8.77702948092398,1.01093494337356,33.2,1.27383157772353,100,25.5533273727577,77.36,92.74,25,60,107.58,48.4,0,0,0,3615.03548208067,0.690924163063617,0.705675115692319,0.286810577534603,17
monte_carlo,RG_AW,2028.51659950239,6.11533776846665,0.00122822308361492,38.28,0.197092692541588,100,17.8380969988323,4.48,32.78,24.8610366257549,60,1.24,3.84,118,0,0,2435.57529854416,0.0442467857814742,0.0886238833907651,0.286810577534603,17
monte_carlo,DOB_AW_SAFE,4209.61758411111,40.544091202177,-0.00387312082199287,77.8,0.0348395034463067,100,4.63564719004084,0,0,5.72516502862814,37.1566376372019,73.3,79.48,0,101.92,0,704.295932663589,6.39583970841869,32.9138905515448,0.0952133066144747,17
monte_carlo,SAFE_RG_DOB_AW,4200.82030646647,6.54604485195252,-0.00388027286949466,77.72,0.0350067302416335,100,4.63564567199257,0,0,5.72516503850469,35.7188266363618,60.6,78.68,313,101.92,0,704.326250637348,6.34555948689608,32.7990212177417,0.0952123038240926,17
monte_carlo,LQI,1105.60340572724,8.47247447135208,0.00061419915388683,31.92,0.173333723308133,100.000337973883,26.5999253336867,9.42,19.1,17.2319154313455,60,0.02,1.94,0,0,0,2289.61652924067,0.040543909935001,0.194300827197696,0.185619172105558,18
monte_carlo,RG_AW,1950.46083307402,6.20384856181662,0.000947920303559613,36.9,0.187902764802431,100.000006678636,11.243873921505,2.04,31.62,18.9599294155645,60,0.22,3.66,102,0,0,2468.70177480217,0.0446644897463236,0.0807427116023199,0.185619172105558,18
monte_carlo,DOB_AW_SAFE,1760.23589886314,19.0531708714012,-0.00294228639847915,33.9,0.0592883724202693,100.001170492715,10.622312682576,19.86,25.22,8.00405270126143,35.8684282902471,25.52,37.34,0,81.18,0,1405.53274444051,0.0248177875427698,0.189658883390011,0.0868913965202804,18
monte_carlo,SAFE_RG_DOB_AW,2143.974577373,6.37673777773852,-0.00294921382872815,39.56,0.0728959905580098,100.000011633648,9.12515434603986,0,32.84,7.14209631223491,39.0964326042682,2.72,24.66,100,79.44,0,1489.5338167129,0.0237612794162758,0.0980178821068703,0.0823718033101641,18
monte_carlo,LQI,1105.94715028887,8.79719957809567,0.00375005340229961,31.84,0.233542306345797,100.000137590687,31.1425561337945,16.06,17.2,25,60,11.1,4.24,0,0,0,2183.19681992908,0.052653017914136,0.209215090960773,0.294780088635688,19
monte_carlo,RG_AW,2319.01351005405,5.76480464838172,0.00183068140762543,43.18,0.246790468584379,100.000002353309,17.4468555248268,5.16,39.2,21.5300360764907,60,0.56,3.88,169,0,0,2416.09452936577,0.0565152805541403,0.254844970190746,0.294780088635688,19
monte_carlo,DOB_AW_SAFE,4050.06849618263,39.6195694815093,-0.015623722189261,74.72,0.0267007078862918,100.000383901665,5.7427196842273,0,0,5.92348852575385,35.3406948917251,70.3,75.98,0,99.16,0,747.131415264364,4.5041513089641,29.5656137185797,0.151321574394616,19
monte_carlo,SAFE_RG_DOB_AW,4028.89158792009,6.20672283379554,-0.0156307804524545,74.6,0.0268747388420252,100.000013585642,5.74270452121464,0,0,5.92348857682765,33.3185520866867,39.82,72.78,230,99.08,0,749.775000207479,4.40637971175548,29.2950407807859,0.151274494169874,19
monte_carlo,LQI,1111.47617463792,9.02469255906232,-0.0594887064379463,31.88,0.50092704694039,100.00002729227,29.8879930729302,21.46,65.56,25,60,101.04,60.44,0,0,0,4541.95417196128,0.127619057461083,0.277062780916203,0.205249038266981,20
monte_carlo,RG_AW,2197.65830760065,5.89490294404033,0.00562160900859965,40.8,0.258758039983363,100.000003582795,17.0791309516017,3.92,35.98,24.220640148529,60,0.92,4.34,153,0,0,2487.66520318506,0.0600725230528397,0.163757765504607,0.205249038266981,20
monte_carlo,DOB_AW_SAFE,4020.83068402239,38.894147734866,0.0033872273136808,76.36,0.0199044776478843,100.000089600985,5.02681661821388,0,0,5.82163719219955,36.9127958233122,72,77.56,0,100.4,0,717.027948692374,5.384338019178,29.2778232889876,0.109849668586688,20
monte_carlo,SAFE_RG_DOB_AW,4006.94668104103,6.14644407878856,0.00338017541878344,76.28,0.0199151043746042,100.000007978239,5.02606596188034,0,0,5.82163705501711,37.8247685758095,52.76,76.36,279,100.4,0,718.103640337532,5.31744892987542,29.0847459984195,0.109824703305508,20
monte_carlo,LQI,1106.03175101379,8.53935587987857,0.00137397013106977,31.84,0.23192139183675,100.000093237781,35.3477980128852,16.24,19.76,24.5319881964847,60,1.3,2.04,0,0,0,2261.19775404665,0.052584349048879,0.21127287887262,0.227965134662316,21
monte_carlo,RG_AW,2336.20657601459,5.72134414158741,0.00044861366960447,43.58,0.245128615929161,100.00000894206,15.5257219062876,4.68,39.38,22.2090262676067,60,0.36,4.36,169,0,0,2500.89489172117,0.0563591421216435,0.28853862984276,0.227965134662316,21
monte_carlo,DOB_AW_SAFE,2740.85014859154,29.4450135239615,-0.000636980932625875,48.94,0.056385168185713,100.00007750454,8.18848510010645,0,44.14,6.62533790166538,35.7241606785389,43.86,53.56,0,90.52,0,1127.61233483271,0.0257199714697583,2.50523127344083,0.156886385991759,21
monte_carlo,SAFE_RG_DOB_AW,2960.29351663822,5.86797514251775,-0.000643973955703814,54.42,0.0627417512700106,100.000026721276,7.9790906546816,0,47.8,6.44687117668778,38.2498337937842,9.86,37.1,158,89.32,0,1165.40787702927,0.0249345541887407,7.20014166689503,0.152543654330464,21
monte_carlo,LQI,1105.51414418138,8.49881888086007,-0.00035872549452165,31.9,0.16749348587733,100,26.2642996362239,10.74,19.38,24.999999999231,60,3.98,2.14,0,0,0,2144.16194967716,0.0382720553159509,0.190338614243775,0.201462479273032,22
monte_carlo,RG_AW,2042.93633398473,6.06239315981779,-0.000183782875922134,38.52,0.179301990897443,100,11.6064049644607,2.52,33.54,21.1964472967105,60,0.34,3.54,127,0,0,2420.91645613381,0.0417479628787954,0.0836461240795749,0.201462479273032,22
monte_carlo,DOB_AW_SAFE,3208.37293653387,33.0219695050919,-0.00993199705884251,61.14,0.0413099605364948,100,5.34888533266855,0,0,6.02985730651465,37.1699532614226,56.86,64,0,94.32,0,933.957331044559,0.0628256120531254,13.1279423580802,0.0673204942456486,22
monte_carlo,SAFE_RG_DOB_AW,3203.97311259472,6.32341550001328,-0.00993904906501086,61.22,0.0419883534491277,100,5.34889642068001,0,0,6.02977373054316,37.1719947055694,38.58,62.2,210,94.36,0,937.428920110183,0.0611876641026894,13.215510140292,0.0673581941706301,22
monte_carlo,LQI,1105.57129885055,8.46935922103034,-0.00239634729165061,31.92,0.181163810240875,100.000003473622,25.808852303587,10.9,18.52,23.2289059325587,60,0.48,1.96,0,0,0,2221.16483131391,0.0410171954906873,0.19381652563108,0.258478586910652,23
monte_carlo,RG_AW,1904.71665258392,6.30505520661717,-0.00189930978852715,36.06,0.194269367208378,100,13.7493721653307,3.3,31.26,23.7264243167714,60,0.48,3.02,70,0,0,2318.03170237184,0.0447035232573402,0.0784929462709047,0.258478586910652,23
monte_carlo,DOB_AW_SAFE,2703.56208701871,28.9773684802695,0.00847065038460926,48.7,0.0681913124740561,100.000020470911,6.41877621406235,0,11.3,6.46498301179202,36.9620290112447,43.5,52.56,0,89.48,0,1121.36305009835,0.0241709471967367,2.21567230424164,0.113793419509619,23
monte_carlo,SAFE_RG_DOB_AW,2733.04286931289,6.74284606917075,0.00846362282767643,49.24,0.0816399042223992,100.000000010147,6.41879620024267,0,7.12,6.46335499726234,37.1914986880581,23.98,50.44,132,89.6,0,1122.82008476773,0.0231631969620307,2.73525460844117,0.113906566747311,23
monte_carlo,LQI,1105.59393130681,8.50223048383678,-0.000511783977188429,31.96,0.182868249679402,100,23.8564247397453,7.62,12.86,25,60,6,1.74,0,0,0,2127.27458121102,0.0406463106861567,0.193892991269443,0.191324795408999,24
monte_carlo,RG_AW,1807.69203155966,6.46946974852603,-8.62634939835516e-05,34.16,0.195307484097256,100,11.7474744304041,1.92,28.5,22.9950700890091,60,0.64,2.42,51,0,0,2276.65454263067,0.0442429566416547,0.0751270355125305,0.191324795408999,24
monte_carlo,DOB_AW_SAFE,3420.17307649889,34.5426922708383,-0.0187703677456028,66.64,0.0367435445834019,100,4.34796752789594,0,0,5.87877589917134,36.3143524903619,62.5,69.5,0,97.36,0,855.691403673058,0.583648196897425,17.6167785049269,0.115951930311655,24
monte_carlo,SAFE_RG_DOB_AW,3398.82664963099,6.52305151288063,-0.0187774636596032,66.38,0.0368231713866862,100,4.35203481302748,0,0,5.87875545711488,37.8358436004713,51.32,68.44,270,97.26,0,855.863408503339,0.527054978314276,17.3288644968441,0.116042034628165,24
monte_carlo,LQI,1105.85555388912,8.50331460284066,-0.00382267854567431,31.88,0.205622865982789,100.000117101364,30.7314978848389,15.22,19.7,22.5227271872581,60,0.38,1.8,0,0,0,2237.65807908965,0.0470169760239054,0.205426503026154,0.287849128817711,25
monte_carlo,RG_AW,2149.40850218204,5.97858065311442,-0.00359528296483802,40.16,0.220246626966585,100,15.0659646383065,4.84,35.36,20.7421997394132,60,0.18,3.22,141,0,0,2422.08526681031,0.0512242981399063,0.129998714230803,0.287849128817711,25
monte_carlo,DOB_AW_SAFE,2530.13572456577,27.4056007299471,0.00876230519000387,45.02,0.0698497882353024,100.000143646992,8.0107785697481,0,38.98,6.91719018258968,37.8869114635654,39.62,48.8,0,88.44,0,1202.62461568212,0.0239311465267404,0.575733606812347,0.102632080832146,25
monte_carlo,SAFE_RG_DOB_AW,2692.60069098834,6.28975944556454,0.00875533001591577,48.08,0.0830761150082537,100.000036234065,7.85537506874289,0,39.92,6.74694175500621,37.849722608503,9.52,34.08,126,87.3,0,1241.97702280019,0.0230278183934639,1.82494617408593,0.101914393493609,25
monte_carlo,LQI,1105.60801249537,8.45340118612859,0.000914004451630035,31.94,0.186590647193043,100,25.1532019965597,10.08,17.22,22.514642755106,60,0.42,2.16,0,0,0,2266.56283243102,0.041163109108671,0.196645516681485,0.279567227527145,26
monte_carlo,RG_AW,1841.59206698609,6.43892749939562,0.00148338441468354,34.9,0.198940338395246,100,12.8636500758287,3.54,29.74,22.0876482605542,60,0.22,2.54,47,0,0,2303.33658101371,0.0446770220550915,0.0802427191691601,0.279567227527145,26
monte_carlo,DOB_AW_SAFE,2563.35692225389,27.7188100423849,0.0110654993236068,45.58,0.020541115709662,100,6.06561557869615,0,15.58,6.75237306572655,37.6363292765654,40.2,50.08,0,89.32,0,1194.59820563135,0.0282248351490658,0.692670873197676,0.163982622021624,26
monte_carlo,SAFE_RG_DOB_AW,2550.45386222996,7.00349742453026,0.0110585314188683,45.34,0.0206622215641232,100,6.06562559294646,0,13.02,6.75229609714211,37.4435942415621,19.54,46.88,109,89.24,0,1194.93862100911,0.0247240008801667,0.599159759156309,0.164005767479288,26
monte_carlo,LQI,1105.50622655086,8.48045369071342,0.00349350904207313,31.9,0.171442430243673,100.000077417381,25.5033461568323,11.22,19.5,24.9687341486136,60,2.32,2.18,0,0,0,2235.77343550906,0.038320972028064,0.19066972138719,0.237101445912323,27
monte_carlo,RG_AW,1912.91594471198,6.26861027327435,0.00409282939973821,36.16,0.182784262788431,100,15.1478590986797,3.94,31.5,24.446512524493,60,0.9,4.12,102,0,0,2468.25095762767,0.0418549431825873,0.0742420884250011,0.237101445912323,27
monte_carlo,DOB_AW_SAFE,3144.59512347544,32.6224746918967,-0.0196293638594085,59.1,0.0353252031056428,100.000009745353,5.66444765268192,0,0,6.07902290149788,35.8060311534941,54.68,62.52,0,94.6,0,973.165474007282,0.0314579002346921,11.4577204991837,0.0874876808455012,27
monte_carlo,SAFE_RG_DOB_AW,3155.41194896211,6.45593941058275,-0.0196364314412278,59.44,0.0373867916382551,100,5.66444429455083,0,0,6.07472291117604,35.4092277624281,39.1,61.06,207,94.58,0,976.217321150227,0.0314580463746934,11.8513378543274,0.0875256347305412,27
monte_carlo,LQI,1105.67301929699,8.50547387124378,0.00878455750924445,31.9,0.193823429040194,100,29.9661985065958,13.04,19.54,23.546903186371,60,0.76,2.04,0,0,0,2255.35093810689,0.044237765314098,0.199016429763254,0.218362221215967,28
monte_carlo,RG_AW,2144.37609807144,5.93936020082927,0.00739928761558417,40.22,0.205605953393032,100,12.9397913075415,3.58,35.96,21.3251167369053,60,0.22,4.06,138,0,0,2449.53083616213,0.0477375381373011,0.117081188642373,0.218362221215967,28
monte_carlo,DOB_AW_SAFE,2594.249252104,27.856006310741,0.0238305103510044,47.24,0.0301235549131462,100,7.29598525035575,0,41.32,6.58811642952887,35.7094973628529,41.84,51.38,0,89,0,1161.96769936455,0.0237794746329004,1.23010020173425,0.083796314405871,28
monte_carlo,SAFE_RG_DOB_AW,2703.13606642456,6.15703896482988,0.0238234872836784,49.16,0.0430705968114182,100,7.2845000793286,0,41.76,6.57148070013045,37.9065350582603,8.74,39.5,122,88.6,0,1172.57091662279,0.0213089628446929,2.67732195276421,0.0831349444586936,28
monte_carlo,LQI,1105.93587125411,8.51322861621322,-0.0032455569970864,31.9,0.223305627456483,100,29.3722529536379,10.54,18.8,25,60,5.58,2.1,0,0,0,2153.12472160566,0.0502903263921699,0.209293832091626,0.243521141133907,29
monte_carlo,RG_AW,2005.01543649488,6.18025945157572,-0.0030246130532845,37.38,0.236538533811114,100,16.6748644601837,4.4,31.76,24.1347294930948,60,0.86,3.16,98,0,0,2384.88721657443,0.0542857028389184,0.104990838608543,0.243521141133907,29
monte_carlo,DOB_AW_SAFE,3417.1670670516,35.0108710343545,-0.012929864854442,64.44,0.012929864854442,100.000203142842,5.1979699864451,0,0,6.11780692504151,35.2816692418779,60.22,67.28,0,95.56,0,885.434061332096,0.213594301667092,16.2124142635292,0.094815122254238,29
monte_carlo,SAFE_RG_DOB_AW,3396.40481963318,6.60083420620312,-0.0129368888532326,64.18,0.0129368888532326,100.00000005725,5.1979670625055,0,0,6.11780693776849,35.2522539347123,45.1,66.2,229,95.4,0,886.274447994011,0.189740153510471,15.9215909187213,0.0948537978616671,29
monte_carlo,LQI,1105.87209992866,8.56334723110581,-0.0016906122944107,31.92,0.217353180634262,100.000171510295,28.9091640198837,9.86,18.54,25,60,6.86,2.54,0,0,0,2132.33254246864,0.0486489869579584,0.204715171795401,0.199651351876465,30
monte_carlo,RG_AW,2074.73939354052,6.04757004334122,1.50567271361979e-05,38.84,0.229647175382155,100.00000602074,12.1978931609035,2.72,34.5,22.3140049811768,60,0.58,3.72,128,0,0,2435.15291116735,0.0522186288641345,0.109620321682994,0.199651351876465,30
monte_carlo,DOB_AW_SAFE,3396.39282139761,34.5345071467401,-0.0024138129784177,65.48,0.0201747843624105,100.00006710493,5.20777325912521,0,0,6.01927891297079,34.8970825882529,61.26,68.66,0,96.62,0,868.137183529251,0.344222218512862,16.6570610532993,0.0707715619150975,30
monte_carlo,SAFE_RG_DOB_AW,3394.87118579445,6.31598124229262,-0.00242085848626061,65.56,0.0202344717622367,100.000007689506,5.20784443997074,0,0,6.01868462585383,37.7255058224556,44.66,67.66,227,96.56,0,870.128533880682,0.355319842640605,16.7444375389643,0.0707486723734705,30
