Seed,A22Scale,A23Scale,A24Scale,A42Scale,A43Scale,A44Scale,BScale,GustScale
1,0.875456423694179,1.11471221160305,0.9803999362552,1.17567258553223,0.838171443000739,0.860929741946706,1.12572387115849,1.20971444352852
2,0.925135828310601,1.17994726319999,0.81719570938578,0.849411944363186,0.916626697704173,1.07767444754603,0.958995932385372,1.29650053124552
3,1.08900830444596,0.875552721175741,1.10068250154279,0.88629063029856,0.912061430822624,0.869509160747655,1.18085113942347,1.49626164128388
4,0.933334577736136,0.870611694818601,1.18224577381386,0.832653744807082,1.02569038822806,0.929562243863558,1.12799159428852,1.16495486180335
5,1.09501877589657,0.972820717761299,0.814898614432173,1.12505415913595,1.09776913573738,0.869558382821426,1.13292729590153,0.885935369984115
6,1.01328760334647,0.976596183792828,0.84102105350162,0.834155473533198,1.1485851199238,0.85122611522606,0.984372504210519,1.17284282965932
7,1.0087259192143,0.892625527683181,0.910482498801777,0.938251914948648,0.922373679522281,1.17551011796399,1.00420342720683,0.802277662303644
8,1.02917037337039,0.985496233169202,1.0638493292555,0.818298886657105,1.12183489150385,0.92750299129367,0.855923214529021,0.971507790135167
9,1.08062105939471,0.836088044630855,0.803246977476599,0.922732904886103,1.07939970078909,0.837552903709729,0.849636246886622,0.795718516144209
10,1.04767472595974,0.80863440441476,1.12378383724027,1.11700666522889,0.859463641390627,1.10207670945701,1.13980414471171,1.18569440185946
11,0.815722398940877,0.817089764291066,0.912047808718103,0.838733347632317,0.951884264229284,0.988782806413367,0.979803872732426,0.863564190874216
12,0.981087998508886,0.803097597642314,1.0384165195215,1.139275244654,1.12058232389955,0.985491854080213,0.846497713571645,0.881184599189988
13,1.11794591995299,1.01433252254851,0.816445098499662,1.06846793381851,0.947464121122676,0.835401653842234,1.0375227434566,1.4831004828424
14,0.860988701795737,1.09954221569325,0.976735519003171,0.89030198912127,0.920456678133771,0.996436356406956,1.14431816658611,1.1903445210738
15,0.879444883403189,1.05739762785227,0.834153976901027,0.910432255747362,0.833583640551274,0.870908363706304,1.08368402802813,0.866168492922764
16,1.14723675010163,1.13964591060782,1.0658523087962,1.1360105405743,1.07364237443721,1.19571394018895,0.857054551558491,1.08483815706474
17,1.08753329201697,1.10383146226957,0.86626214522283,1.084029103639,1.15423954298112,0.941558982188952,0.895578483814602,1.44993553129271
18,1.05866163602964,1.1287554163369,1.16723971687141,0.9289351403354,0.802195638491826,0.914264735467422,1.17219387499645,0.779828095359692
19,1.07219638243487,0.861547120671637,0.892548330921723,1.11113060520576,1.12826125209617,1.18731762024051,1.07978767200919,1.49905994716452
20,0.933395454698622,0.821593861750001,1.1106582114715,0.824319472362334,1.05765038614633,0.9032215000317,0.881360897340569,0.920838424075755
21,1.08294678239788,0.862080356618229,1.06511184196993,0.989840516087541,0.900254394115728,1.13097479773927,1.12997633414639,1.07495296368092
22,1.18286220132437,1.16303049225063,0.861403412844588,1.14924013570002,1.15926275168008,1.18570405087516,1.05482644099485,0.894320536018045
23,0.981443043052936,1.12367430223808,1.14236958102151,1.11277430445208,0.805768888886678,0.978468368632412,0.876694383375598,1.27257508481788
24,0.90556133832325,1.12703966988082,0.868444285670089,1.1120252998518,1.1658644680417,0.918628383897095,0.870936482712856,0.821798298724823
25,0.996105879737151,0.943306933680462,1.15037558097021,1.07176159126561,0.948783716272732,1.0610976302881,1.17555418868654,1.45635386412089
26,0.858905645220692,1.06674531114855,1.12077608182867,1.1620721607213,1.16360753882726,1.19265633632825,1.16309408146747,1.40502292033127
27,1.08837423189985,1.17220602793217,0.886756412768007,1.13075756207444,0.85716394229661,0.909262578748811,0.834423464324822,1.13504494913274
28,1.11269073443997,1.02633859827405,0.92457841273785,1.07598165640824,0.874540036090267,0.802972067497802,1.04442473398894,1.01072385361174
29,0.850075732866286,0.910258111545863,1.13556083562568,0.855976426702736,0.932840732044382,0.970821842336685,0.81863299070238,1.17675971868804
30,0.969780419981617,0.95521286000182,0.8801339443846,0.828645790581642,1.06536093116981,1.0021659107512,0.90873132315733,0.881534630449526
